round,k,threshold,f1,precision,recall
25.5,4.75,0.99535035,0.9372328,0.979250537,0.9003
