top1,top3,top5,top10,label,round,k
0.982266274,0.990637886,0.992229437,0.993410286,0.5,25.5,4.75
