top1,top3,top5,top10,label,round,k
0.979006587,0.986142645,0.987625973,0.990873098,0.5,25.5,4.75
