top1,top3,top5,top10,label,round,k
0.964148548,0.981234478,0.984463227,0.987879203,0.5,25.5,4.75
