round,k,threshold,f1,precision,recall
25.5,4.75,0.994574575,0.948793809,0.967493274,0.93248
