top1,top3,top5,top10,label,round,k
0.971154179,0.986457476,0.989908262,0.993444019,0.5,25.5,4.75
