round,k,threshold,f1,precision,recall
25.5,4.75,0.996636637,0.887969144,0.985115886,0.814685
