round,k,threshold,f1,precision,recall
25.5,4.75,0.998298298,0.884775025,0.989680474,0.80625
